Workbook
Name Desc_Education: _Lookup!$G$2:$G$8
Name Desc_Entertainment: _Lookup!$D$2:$D$8
Name Desc_Food: _Lookup!$B$2:$B$8
Name Desc_Health: _Lookup!$F$2:$F$8
Name Desc_Other: _Lookup!$I$2:$I$8
Name Desc_Shopping: _Lookup!$C$2:$C$8
Name Desc_Transport: _Lookup!$E$2:$E$8
Name Desc_Utilities: _Lookup!$H$2:$H$8

Sheet Expense Data
A1: Date | B1: Category | C1: Description | D1: Amount | F1: Category | G1: Total (₹) | K1: EXPENSE TRACKER SYSTEM
A2: 2026-04-01 | B2: Education | C2: Course | D2: 2300 | F2: Food | G2: =SUMIF($B$2:$B$19,F2,$D$2:$D$19) -> 2711 | K2: Name - Gaurav Sharma
A3: 2026-04-02 | B3: Shopping | C3: Clothes | D3: 211 | F3: Shopping | G3: =SUMIF($B$2:$B$19,F3,$D$2:$D$19) -> 301 | K3: UID - 23BCA10444
A4: 2026-04-03 | B4: Food | C4: Dinner | D4: 2389 | F4: Entertainment | G4: =SUMIF($B$2:$B$19,F4,$D$2:$D$19) -> 1561
A5: 2026-04-03 | B5: Entertainment | C5: Movie | D5: 222 | F5: Transport | G5: =SUMIF($B$2:$B$19,F5,$D$2:$D$19) -> 200
A6: 2026-04-04 | B6: Transport | C6: Bus | D6: 40 | F6: Health | G6: =SUMIF($B$2:$B$19,F6,$D$2:$D$19) -> 50
A7: 2026-04-04 | B7: Transport | C7: Auto | D7: 20 | F7: Education | G7: =SUMIF($B$2:$B$19,F7,$D$2:$D$19) -> 2300
A8: 2026-04-05 | B8: Utilities | C8: Shoes | D8: 3000 | F8: Utilities | G8: =SUMIF($B$2:$B$19,F8,$D$2:$D$19) -> 3000
A9: 2026-04-05 | B9: Food | C9: Snacks | D9: 20 | F9: Other | G9: =SUMIF($B$2:$B$19,F9,$D$2:$D$19) -> 60
A10: 2026-04-06 | B10: Entertainment | C10: Games | D10: 1100 | F10: TOTAL | G10: =SUM(G2:G9) -> 10183
A11: 2026-04-06 | B11: Food | C11: Lunch | D11: 50
A12: 2026-04-07 | B12: Transport | C12: Metro | D12: 140
A13: 2026-04-07 | B13: Other | C13: Bag | D13: 60
A14: 2026-04-08 | B14: Food | C14: Dinner | D14: 200
A15: 2026-04-08 | B15: Entertainment | C15: Netflix | D15: 239
A16: 2026-04-09 | B16: Health | C16: Bus | D16: 50
A17: 2026-04-09 | B17: Food | C17: Coffee | D17: 40
A18: 2026-04-10 | B18: Shopping | C18: Bag | D18: 90
A19: 2026-04-10 | B19: Food | C19: Lunch | D19: 12
C20: TOTAL EXPENSE | D20: =SUM(D2:D19) -> 10183

Sheet _Lookup
A1: Category | B1: Food | C1: Shopping | D1: Entertainment | E1: Transport | F1: Health | G1: Education | H1: Utilities | I1: Other
B2: Breakfast | C2: Clothes | D2: Movie | E2: Bus | F2: Medicine | G2: Books | H2: Electricity | I2: Miscellaneous
B3: Lunch | C3: Shoes | D3: Netflix | E3: Auto | F3: Doctor | G3: Course | H3: Water | I3: Gift
B4: Dinner | C4: Bag | D4: Games | E4: Metro | F4: Gym | G4: Tuition | H4: Internet | I4: Donation
B5: Snacks | C5: Electronics | D5: Concert | E5: Taxi | F5: Pharmacy | G5: Stationery | H5: Phone | I5: Subscription
B6: Coffee | C6: Accessories | D6: Sports | E6: Fuel | F6: Lab Test | G6: Online Class | H6: Gas | I6: Travel
B7: Groceries | C7: Books | D7: OTT | E7: Flight | F7: Hospital | G7: Workshop | H7: Rent | I7: Festival
B8: Restaurant | C8: Gifts | D8: Theatre | E8: Train | F8: Vitamins | G8: Exam Fee | H8: Maintenance | I8: Other

Sheet Summary
A1: Category | B1: Total Amount (₹) | C1: % of Total | D1: Transactions
A2: Food | B2: =SUMIF('Expense Data'!$B$2:$B$19,A2,'Expense Data'!$D$2:$D$19) -> 2711 | C2: =IF(B2=0,0,B2/SUM($B$2:$B$9)) -> 0.26622803 | D2: =COUNTIF('Expense Data'!$B$2:$B$19,A2) -> 6
A3: Shopping | B3: =SUMIF('Expense Data'!$B$2:$B$19,A3,'Expense Data'!$D$2:$D$19) -> 301 | C3: =IF(B3=0,0,B3/SUM($B$2:$B$9)) -> 0.029559069 | D3: =COUNTIF('Expense Data'!$B$2:$B$19,A3) -> 2
A4: Entertainment | B4: =SUMIF('Expense Data'!$B$2:$B$19,A4,'Expense Data'!$D$2:$D$19) -> 1561 | C4: =IF(B4=0,0,B4/SUM($B$2:$B$9)) -> 0.15329471 | D4: =COUNTIF('Expense Data'!$B$2:$B$19,A4) -> 3
A5: Transport | B5: =SUMIF('Expense Data'!$B$2:$B$19,A5,'Expense Data'!$D$2:$D$19) -> 200 | C5: =IF(B5=0,0,B5/SUM($B$2:$B$9)) -> 0.019640577 | D5: =COUNTIF('Expense Data'!$B$2:$B$19,A5) -> 3
A6: Health | B6: =SUMIF('Expense Data'!$B$2:$B$19,A6,'Expense Data'!$D$2:$D$19) -> 50 | C6: =IF(B6=0,0,B6/SUM($B$2:$B$9)) -> 0.0049101444 | D6: =COUNTIF('Expense Data'!$B$2:$B$19,A6) -> 1
A7: Education | B7: =SUMIF('Expense Data'!$B$2:$B$19,A7,'Expense Data'!$D$2:$D$19) -> 2300 | C7: =IF(B7=0,0,B7/SUM($B$2:$B$9)) -> 0.22586664 | D7: =COUNTIF('Expense Data'!$B$2:$B$19,A7) -> 1
A8: Utilities | B8: =SUMIF('Expense Data'!$B$2:$B$19,A8,'Expense Data'!$D$2:$D$19) -> 3000 | C8: =IF(B8=0,0,B8/SUM($B$2:$B$9)) -> 0.29460866 | D8: =COUNTIF('Expense Data'!$B$2:$B$19,A8) -> 1
A9: Other | B9: =SUMIF('Expense Data'!$B$2:$B$19,A9,'Expense Data'!$D$2:$D$19) -> 60 | C9: =IF(B9=0,0,B9/SUM($B$2:$B$9)) -> 0.0058921732 | D9: =COUNTIF('Expense Data'!$B$2:$B$19,A9) -> 1
A10: TOTAL | B10: =SUM(B2:B9) -> 10183 | C10: =IF(B10=0,0,B10/SUM($B$2:$B$9)) -> 1 | D10: =SUM(D2:D9) -> 18
